"","school","student","sex","score1","score2"
"1","20920","16",0,23,NA
"2","20920","25",1,NA,71.2
"3","20920","27",1,39,76.8
"4","20920","31",1,36,87.9
"5","20920","42",0,16,44.4
"6","20920","62",1,36,NA
"7","20920","101",1,49,89.8
"8","20920","113",0,25,17.5
"9","20920","146",0,NA,32.4
"10","22520","1",1,48,84.2
"11","22520","7",0,46,66.6
"12","22520","9",1,28,47.2
"13","22520","15",1,43,80.5
"14","22520","16",0,29,57.4
"15","22520","18",1,25,42.5
"16","22520","21",0,30,36.1
"17","22520","24",1,44,58.3
"18","22520","25",0,30,37.9
"19","22520","27",1,26,74
"20","22520","29",0,30,41.6
"21","22520","34",1,39,76.8
"22","22520","37",1,41,34.2
"23","22520","41",1,44,86.1
"24","22520","42",0,36,56.4
"25","22520","43",1,45,42.5
"26","22520","45",1,41,63.8
"27","22520","47",1,28,20.3
"28","22520","52",1,31,51.8
"29","22520","53",1,33,NA
"30","22520","55",1,51,76.8
"31","22520","57",0,51,65.7
"32","22520","60",1,38,56.4
"33","22520","63",0,44,75.9
"34","22520","64",1,41,76.8
"35","22520","66",1,32,66.6
"36","22520","67",0,41,31.4
"37","22520","69",0,36,51.8
"38","22520","73",0,41,NA
"39","22520","74",0,36,NA
"40","22520","78",1,13,28.7
"41","22520","83",0,34,46.2
"42","22520","84",1,23,51.8
"43","22520","85",1,26,66.6
"44","22520","87",1,36,79.6
"45","22520","90",1,25,39.8
"46","22520","91",0,33,47.2
"47","22520","97",1,64,NA
"48","22520","104",0,31,62.9
"49","22520","106",0,33,40.7
"50","22520","108",1,57,90.7
"51","22520","110",0,26,51.8
"52","22520","111",1,33,54.6
"53","22520","112",1,45,95.3
"54","22520","115",0,3.1,9.25
"55","22520","116",1,25,NA
"56","22520","121",1,27,26.8
"57","22520","128",0,23,50
"58","22520","131",0,39,44.4
"59","22520","134",0,64,59.2
"60","22520","137",1,NA,41.6
"61","22520","141",1,38,NA
"62","22520","143",1,53,87.9
"63","22520","144",1,46,93.5
"64","22520","146",1,40,75.9
"65","22520","153",0,28,26.8
"66","22520","156",1,NA,25
"67","22520","157",1,27,61.1
"68","22520","163",1,40,54.6
"69","22520","164",1,39,76.8
"70","22520","165",1,NA,46.2
"71","22520","170",1,30,80.5
"72","22520","177",1,32,41.6
"73","22520","178",1,26,60.1
"74","22520","181",1,35,53.7
"75","22710","5",1,NA,93.5
"76","22710","11",0,41,91.6
"77","22710","44",0,20,NA
"78","22710","46",0,36,94.4
"79","22710","49",0,55,94.4
"80","22710","50",1,NA,94.4
"81","22710","53",1,NA,80.5
"82","22710","54",1,40,NA
"83","22710","57",1,11,73.1
"84","22710","58",0,33,80.5
"85","22710","77",1,0.6,41.6
"86","22710","79",1,31,93.5
"87","22710","84",1,41,90.7
"88","22710","90",0,21,60.1
"89","22710","102",1,26,82.4
"90","22710","103",1,30,82.4
"91","22710","109",0,35,78.7
"92","22710","169",1,55,94.4
"93","22738","7",1,43,75
"94","22738","32",0,53,58.3
"95","22738","87",0,51,82.4
"96","22738","106",1,59,75
"97","22738","119",0,58,80.5
"98","22738","127",1,48,NA
"99","22738","159",1,50,82.4
"100","22738","173",0,63,60.1
"101","22738","180",0,51,NA
"102","22738","203",0,49,69.4
"103","22908","6",1,55,62
"104","22908","17",0,61,83.3
"105","22908","24",1,52,NA
"106","22908","42",1,NA,52.7
"107","22908","66",1,NA,46.2
"108","22908","69",1,60,71.2
"109","23208","1",1,60,84.2
"110","23208","9",1,33,95.3
"111","23208","11",1,44,78.7
"112","23208","12",1,45,38.8
"113","23208","13",0,58,88.8
"114","23208","18",1,36,78.7
"115","23208","28",1,38,90.7
"116","23208","30",0,76,78.7
"117","23208","31",1,33,87
"118","23208","37",1,45,78.7
"119","23208","39",1,49,83.3
"120","23208","40",0,82,69.4
"121","23208","43",1,44,56.4
"122","23208","46",1,48,91.6
"123","23208","48",1,58,82.4
"124","23208","51",0,48,NA
"125","23208","53",1,52,80.5
"126","23208","60",1,52,83.3
"127","23208","61",1,26,80.5
"128","23208","65",1,43,83.3
"129","23208","80",0,76,80.5
"130","23208","83",0,NA,87
"131","23208","91",1,NA,78.7
"132","25241","5047",0,59,NA
"133","25241","5049",0,67,67.5
"134","25241","5111",0,64,72.2
"135","25241","5146",0,68,72.2
"136","25241","5156",1,NA,72.2
"137","30474","8",0,71,89.8
"138","30474","12",0,61,95.3
"139","30474","16",0,68,NA
"140","30474","18",0,30,87
"141","30474","20",0,48,56.4
"142","30474","27",0,55,75
"143","30474","28",0,49,NA
"144","30474","34",0,68,77.7
"145","30474","39",0,83,NA
"146","30474","45",0,62,76.8
"147","30474","46",0,80,79.6
"148","30474","49",0,56,67.5
"149","30474","54",0,64,87.9
"150","30474","62",0,53,89.8
"151","30474","80",0,68,98.1
"152","30474","83",0,71,90.7
"153","30474","89",0,60,78.7
"154","30474","95",0,NA,82.4
"155","30474","97",0,63,84.2
"156","30474","100",0,39,74
"157","30474","104",0,66,83.3
"158","30474","106",0,63,81.4
"159","30474","107",0,53,87.9
"160","30474","116",1,36,64.8
"161","30474","118",1,43,61.1
"162","30474","132",1,61,76.8
"163","30474","152",1,46,66.6
"164","30474","153",1,NA,80.5
"165","30474","154",1,NA,77.7
"166","30474","157",1,51,75
"167","30474","160",1,NA,83.3
"168","30474","163",1,79,86.1
"169","30474","164",1,NA,91.6
"170","30474","165",1,48,NA
"171","30474","166",1,NA,67.5
"172","30474","183",1,NA,87.9
"173","30474","186",1,41,94.4
"174","30474","187",1,79,98.1
"175","30474","190",1,53,93.5
"176","30474","192",1,65,97.2
"177","30474","194",1,46,85.1
"178","30474","197",1,53,88.8
"179","30474","203",1,51,86.1
"180","30474","208",1,40,85.1
"181","30474","232",1,55,NA
"182","35270","13",1,46,62
"183","35270","14",1,46,56.4
"184","35270","15",0,NA,63.8
"185","35270","16",0,41,NA
"186","35270","27",1,64,69.4
"187","35270","28",0,28,50
"188","35270","29",1,63,69.4
"189","35270","33",1,46,59.2
"190","35270","34",0,55,67.5
"191","35270","40",0,65,58.3
"192","35270","45",0,NA,58.3
"193","35270","46",0,52,48.1
"194","37224","5",1,52,58.3
"195","37224","9",0,40,64.8
"196","37224","12",1,59,62
"197","37224","14",0,48,68.5
"198","37224","24",0,44,59.2
"199","37224","26",1,50,61.1
"200","37224","29",0,53,NA
"201","37224","36",0,59,87
"202","37224","40",1,35,70.3
"203","37224","53",0,48,38.8
"204","37224","68",0,31,71.2
"205","37224","73",1,28,65.7
"206","37224","77",1,52,50.9
"207","37224","78",0,NA,62
"208","37224","81",0,37,51.8
"209","37224","88",0,60,70.3
"210","37224","106",0,40,55.5
"211","37224","110",1,37,63.8
"212","37224","116",0,51,75.9
"213","37224","122",0,26,65.7
"214","37224","124",0,43,73.1
"215","37224","129",0,NA,81.4
"216","37224","137",1,NA,73.1
"217","37224","143",1,51,78.7
"218","37224","144",0,53,73.1
"219","37224","145",0,52,57.4
"220","37224","148",1,44,75
"221","37224","154",0,46,69.4
"222","37224","157",1,43,51.8
"223","37224","180",0,37,NA
"224","37224","185",1,55,75.9
"225","37224","189",0,46,71.2
"226","37224","200",1,44,73.1
"227","37224","203",0,68,73.1
"228","37224","204",0,41,62.9
"229","37224","221",0,41,69.4
"230","37224","231",0,30,65.7
"231","37224","265",1,48,80.5
"232","37224","268",1,49,68.5
"233","37224","272",1,NA,72.2
"234","37224","282",0,51,61.1
"235","37224","286",1,50,NA
"236","37224","293",1,44,65.7
"237","37224","295",1,43,46.2
"238","47627","93",1,46,67.5
"239","47627","97",1,53,69.4
"240","47627","101",0,71,75
"241","47627","105",0,37,58.3
"242","47627","106",0,50,17.5
"243","47627","107",0,70,67.5
"244","50627","8",0,57,60.1
"245","50627","32",0,53,NA
"246","50627","40",0,62,57.4
"247","50627","52",0,50,54.6
"248","50627","53",0,39,31.4
"249","50627","57",0,41,50
"250","50627","69",0,45,55.5
"251","50627","76",0,49,33.3
"252","50627","81",0,45,52.7
"253","50627","86",0,62,55.5
"254","50627","94",0,46,48.1
"255","50627","96",0,58,35.1
"256","50627","107",1,40,58.3
"257","50627","109",1,48,81.4
"258","50627","122",1,41,61.1
"259","50627","128",1,71,72.2
"260","50627","131",1,41,NA
"261","50627","148",1,46,63.8
"262","50627","152",1,30,47.2
"263","50627","161",1,30,60.1
"264","50627","165",1,NA,63.8
"265","50627","166",1,NA,40.7
"266","50627","174",1,NA,65.7
"267","50627","183",1,52,59.2
"268","50631","5014",1,43,78.7
"269","50631","5026",0,48,72.2
"270","50631","5030",1,58,83.3
"271","50631","5034",1,48,79.6
"272","50631","5037",1,38,83.3
"273","50631","5041",0,73,96.2
"274","50631","5051",1,55,NA
"275","50631","5055",1,48,100
"276","50631","5056",0,52,98.1
"277","50631","5058",1,64,98.1
"278","50631","5060",1,43,99
"279","50631","5070",0,56,80.5
"280","50631","5086",1,45,98.1
"281","50631","5105",1,65,100
"282","50631","5110",1,49,94.4
"283","50631","5140",1,28,75
"284","50631","5151",1,50,100
"285","50631","5160",0,NA,97.2
"286","50631","5168",1,40,98.1
"287","50631","5177",0,60,94.4
"288","50631","5191",1,36,66.6
"289","60421","8",1,41,93.5
"290","60421","17",1,33,76.8
"291","60421","104",1,44,90.7
"292","60421","140",0,57,65.7
"293","60421","142",1,51,76.8
"294","60427","15",0,26,49
"295","60427","24",0,48,100
"296","60427","37",0,NA,52.7
"297","60427","50",0,46,86.1
"298","60427","58",0,65,99
"299","60427","70",0,35,NA
"300","60427","83",0,46,95.3
"301","60427","92",0,NA,78.7
"302","60427","96",0,46,86.1
"303","60427","112",0,45,93.5
"304","60427","114",0,20,53.7
"305","60427","210",1,71,100
"306","60427","211",1,63,100
"307","60427","223",1,52,100
"308","60427","224",1,63,100
"309","60427","234",1,33,77.7
"310","60427","240",1,44,NA
"311","60427","242",1,49,NA
"312","60427","250",1,63,100
"313","60427","255",1,36,98.1
"314","60427","265",1,62,100
"315","60427","284",1,18,NA
"316","60427","295",1,25,89.8
"317","60427","304",1,38,97.2
"318","60427","308",1,65,100
"319","60427","310",1,38,94.4
"320","60427","316",1,27,71.2
"321","60437","19",0,48,89.8
"322","60437","49",0,48,99
"323","60437","50",1,55,93.5
"324","60437","60",1,48,95.3
"325","60437","66",0,46,82.4
"326","60437","69",0,53,89.8
"327","60437","77",1,NA,95.3
"328","60437","86",1,35,74
"329","60437","99",1,70,91.6
"330","60437","103",0,56,96.2
"331","60437","104",1,46,90.7
"332","60437","119",1,NA,97.2
"333","60437","126",1,48,100
"334","60437","129",0,64,84.2
"335","60437","139",1,39,83.3
"336","60437","148",0,45,87
"337","60437","149",1,70,99
"338","60437","153",0,53,99
"339","60437","167",0,39,59.2
"340","60437","194",1,46,84.2
"341","60439","1009",0,46,87
"342","60439","1012",1,41,60.1
"343","60439","1016",1,57,NA
"344","60439","1031",1,53,86.1
"345","60439","1037",0,55,71.2
"346","60439","1045",0,38,NA
"347","60439","1088",0,NA,70.3
"348","60439","1094",1,58,77.7
"349","60439","1120",0,64,86.1
"350","60439","1123",0,73,81.4
"351","60439","1133",1,76,84.2
"352","60439","1147",0,NA,69.4
"353","60439","1152",1,60,61.1
"354","60441","201",1,38,81.4
"355","60441","204",1,41,66.6
"356","60441","211",0,39,63.8
"357","60441","222",1,45,75
"358","60441","237",1,57,57.4
"359","60441","241",0,46,59.2
"360","60441","284",1,33,82.4
"361","60441","290",1,46,79.6
"362","60441","292",1,53,79.6
"363","60441","293",1,51,70.3
"364","60441","294",1,40,78.7
"365","60441","297",1,21,58.3
"366","60441","326",1,33,74
"367","60441","330",0,44,53.7
"368","60441","344",0,41,NA
"369","60441","374",1,49,71.2
"370","60441","377",0,56,62
"371","60455","1003",1,44,84.2
"372","60455","1008",0,37,62
"373","60455","1009",0,20,48.1
"374","60455","1010",0,63,59.2
"375","60455","1011",1,53,93.5
"376","60455","1016",1,61,89.8
"377","60455","1017",1,62,93.5
"378","60455","1018",1,64,92.5
"379","60455","1020",1,39,75
"380","60455","1021",0,57,68.5
"381","60455","1022",1,60,94.4
"382","60455","1023",0,61,56.4
"383","60455","1027",1,53,94.4
"384","60455","1028",0,49,NA
"385","60455","1030",1,63,96.2
"386","60455","1035",1,33,57.4
"387","60455","1037",1,68,96.2
"388","60455","1047",0,41,57.4
"389","60455","1049",1,43,82.4
"390","60455","1052",1,55,NA
"391","60455","1053",0,65,NA
"392","60455","1055",0,56,85.1
"393","60455","1057",1,48,84.2
"394","60455","1060",1,69,87.9
"395","60455","1065",1,25,61.1
"396","60455","1074",1,52,89.8
"397","60455","1079",0,48,64.8
"398","60455","1080",0,NA,79.6
"399","60455","1081",1,45,95.3
"400","60455","1083",0,59,97.2
"401","60455","1091",1,48,95.3
"402","60455","1098",0,48,79.6
"403","60455","1108",0,60,86.1
"404","60455","1116",1,45,90.7
"405","60455","1125",0,57,NA
"406","60455","1130",1,53,87.9
"407","60455","1133",0,52,NA
"408","60455","1135",0,61,93.5
"409","60455","1137",1,40,79.6
"410","60455","1144",1,48,83.3
"411","60455","1145",0,43,71.2
"412","60455","1149",0,55,83.3
"413","60457","1",0,41,85.1
"414","60457","3",1,60,100
"415","60457","11",1,59,98.1
"416","60457","12",0,20,81.4
"417","60457","13",1,37,82.4
"418","60457","18",0,62,98.1
"419","60457","22",0,37,NA
"420","60457","27",0,71,72.2
"421","60457","31",1,37,90.7
"422","60457","33",0,NA,83.3
"423","60457","40",0,58,74
"424","60457","43",0,52,78.7
"425","60457","44",1,62,96.2
"426","60457","48",0,63,77.7
"427","60457","52",0,NA,94.4
"428","60457","56",0,71,95.3
"429","60457","62",1,53,89.8
"430","60457","65",0,43,90.7
"431","60457","70",0,60,95.3
"432","60457","71",1,48,93.5
"433","60457","76",1,58,92.5
"434","60457","77",1,NA,71.2
"435","60457","79",1,57,98.1
"436","60457","81",0,43,60.1
"437","60457","94",1,58,79.6
"438","60457","98",1,NA,99
"439","60457","99",0,66,NA
"440","60457","109",0,NA,77.7
"441","60457","110",1,53,95.3
"442","60457","120",0,53,91.6
"443","60457","121",0,50,59.2
"444","60457","130",1,48,97.2
"445","60457","132",0,52,81.4
"446","60457","134",1,51,98.1
"447","60457","142",1,69,99
"448","60457","143",1,40,90.7
"449","60457","146",0,NA,85.1
"450","60457","151",0,58,83.3
"451","60457","152",0,78,82.4
"452","60457","155",0,34,54.6
"453","60457","159",0,41,82.4
"454","60457","163",1,43,84.2
"455","60457","169",1,68,93.5
"456","60457","174",0,70,72.2
"457","60457","178",1,43,88.8
"458","60457","184",0,64,78.7
"459","60457","185",0,51,NA
"460","60457","198",0,56,76.8
"461","60457","210",0,70,84.2
"462","60457","221",1,50,98.1
"463","60457","222",0,41,87
"464","60457","224",0,62,77.7
"465","60457","231",1,46,96.2
"466","60457","234",0,NA,73.1
"467","60501","6",1,57,80.5
"468","60501","26",0,61,88.8
"469","60501","28",1,33,50
"470","60501","30",0,41,72.2
"471","60501","31",1,58,96.2
"472","60501","36",0,43,44.4
"473","60501","44",0,65,92.5
"474","60501","46",0,44,69.4
"475","60501","48",1,NA,67.5
"476","60501","51",0,48,91.6
"477","60501","52",1,60,96.2
"478","60501","54",1,56,61.1
"479","60501","58",1,51,92.5
"480","60501","59",1,35,62.9
"481","60501","66",1,36,87.9
"482","60501","67",0,60,87.9
"483","60501","78",1,48,66.6
"484","60501","92",1,44,NA
"485","60501","109",0,46,48.1
"486","60501","110",1,55,94.4
"487","60501","111",1,36,49
"488","60501","116",0,43,67.5
"489","60501","121",1,51,76.8
"490","60501","146",1,45,88.8
"491","60501","163",1,62,97.2
"492","60501","164",0,NA,83.3
"493","60729","263",0,52,NA
"494","60729","264",0,46,82.4
"495","60729","272",1,65,92.5
"496","60729","302",0,56,86.1
"497","60729","331",0,69,94.4
"498","60729","337",1,53,94.4
"499","60729","342",1,76,92.5
"500","60741","4006",1,41,84.2
"501","60741","4010",1,53,87.9
"502","60741","4012",1,61,75.9
"503","60741","4016",1,46,86.1
"504","60741","4028",1,39,64.8
"505","60741","4030",0,NA,56.4
"506","60741","4031",1,48,81.4
"507","60741","4040",1,NA,82.4
"508","60741","4042",1,50,86.1
"509","60741","4050",0,43,41.6
"510","60741","4056",1,38,80.5
"511","60741","4057",1,NA,69.4
"512","60741","4064",1,43,76.8
"513","60741","4066",1,25,51.8
"514","60741","4074",1,43,71.2
"515","60741","4085",1,48,77.7
"516","60741","4091",1,46,67.5
"517","60741","4097",0,39,54.6
"518","60741","4106",1,48,86.1
"519","60741","4116",1,44,72.2
"520","60741","4120",0,37,33.3
"521","60741","4122",0,50,77.7
"522","60741","4124",1,36,79.6
"523","60741","4148",0,NA,76.8
"524","60741","4151",1,44,81.4
"525","60741","4154",0,62,76.8
"526","63619","4",0,61,73.1
"527","63619","55",0,59,74
"528","63619","59",0,48,71.2
"529","63619","77",1,40,54.6
"530","63833","9",0,41,NA
"531","63833","5012",0,41,65.7
"532","63833","5023",0,36,57.4
"533","63833","5047",1,59,79.6
"534","63833","5079",0,50,65.7
"535","63833","5083",0,61,71.2
"536","63833","5092",1,71,83.3
"537","63833","5112",1,64,75.9
"538","63833","5140",0,57,71.2
"539","63833","5196",0,36,65.7
"540","63833","5209",0,NA,72.2
"541","63833","5212",0,45,67.5
"542","64251","1007",1,65,97.2
"543","64251","1009",1,50,91.6
"544","64251","1019",0,65,81.4
"545","64251","1020",1,59,NA
"546","64251","1022",0,62,76.8
"547","64251","1030",0,43,NA
"548","64251","1031",0,53,71.2
"549","64251","1098",0,NA,69.4
"550","64251","1104",0,NA,74
"551","64251","1107",1,40,NA
"552","64251","1120",0,44,87
"553","64251","1122",1,57,90.7
"554","64251","1126",1,61,85.1
"555","64251","1131",1,NA,94.4
"556","64251","1132",1,61,87
"557","64251","1133",1,44,88.8
"558","64251","1136",1,NA,93.5
"559","64251","1144",0,NA,82.4
"560","64251","1150",1,76,92.5
"561","64251","1151",1,71,93.5
"562","64251","1162",0,61,81.4
"563","64251","1175",0,44,88.8
"564","64251","1179",1,63,NA
"565","64251","1184",1,56,86.1
"566","64251","1191",1,55,76.8
"567","64251","1196",0,46,87
"568","64251","1198",1,53,86.1
"569","64251","1204",1,51,97.2
"570","64251","1208",1,65,93.5
"571","64251","1226",1,49,87
"572","64251","1239",1,37,95.3
"573","64251","1246",0,59,80.5
"574","64251","1263",0,55,88.8
"575","64251","1266",1,60,83.3
"576","64251","1272",1,46,92.5
"577","64251","1296",1,50,NA
"578","64321","5001",0,46,61.1
"579","64321","5004",1,74,92.5
"580","64321","5007",1,44,52.7
"581","64321","5014",1,58,NA
"582","64321","5021",1,48,70.3
"583","64321","5024",1,52,82.4
"584","64321","5025",1,60,70.3
"585","64321","5031",0,51,32.4
"586","64321","5041",1,65,70.3
"587","64321","5044",1,53,76.8
"588","64321","5046",1,NA,73.1
"589","64321","5051",0,70,75
"590","64321","5053",1,53,86.1
"591","64321","5056",0,55,61.1
"592","64321","5057",0,33,NA
"593","64321","5064",1,28,NA
"594","64321","5065",1,NA,72.2
"595","64321","5069",0,45,NA
"596","64321","5080",0,60,78.7
"597","64321","5084",1,60,57.4
"598","64321","5086",1,50,47.2
"599","64321","5089",1,53,NA
"600","64321","5092",0,41,37
"601","64321","5094",0,45,37.9
"602","64321","5097",0,61,62
"603","64321","5100",0,57,62
"604","64321","5102",1,65,86.1
"605","64321","5107",1,49,42.5
"606","64321","5110",0,49,54.6
"607","64321","5122",0,53,49
"608","64321","5124",1,NA,68.5
"609","64321","5132",1,46,51.8
"610","64321","5149",1,NA,50.9
"611","64321","5155",1,46,NA
"612","64321","5163",0,60,40.7
"613","64321","5167",1,78,81.4
"614","64327","5",0,33,NA
"615","64327","10",0,39,65.7
"616","64327","11",0,36,74
"617","64327","19",1,11,87
"618","64327","27",1,40,90.7
"619","64327","40",0,44,75.9
"620","64327","41",1,45,85.1
"621","64327","48",0,53,78.7
"622","64327","49",0,35,66.6
"623","64327","56",0,55,70.3
"624","64327","57",0,46,78.7
"625","64327","59",1,52,83.3
"626","64327","63",1,45,79.6
"627","64327","76",0,37,74
"628","64327","77",1,61,84.2
"629","64327","78",1,46,87
"630","64327","84",0,NA,90.7
"631","64327","89",0,48,74
"632","64327","90",0,55,82.4
"633","64327","93",0,41,80.5
"634","64327","118",1,48,93.5
"635","64327","125",0,30,64.8
"636","64327","126",0,41,68.5
"637","64327","134",1,53,93.5
"638","64327","137",1,41,83.3
"639","64327","147",1,NA,75.9
"640","64327","149",0,55,75
"641","64327","158",0,53,83.3
"642","64327","163",0,40,69.4
"643","64327","176",0,NA,65.7
"644","64327","177",0,53,89.8
"645","64327","181",1,44,80.5
"646","64343","2",0,38,78.7
"647","64343","17",1,78,98.1
"648","64343","24",1,62,100
"649","64343","30",1,50,90.7
"650","64343","36",1,55,80.5
"651","64343","37",0,34,9.25
"652","64343","42",0,73,82.4
"653","64343","51",1,40,87.9
"654","64343","52",1,41,99
"655","64343","53",0,60,16.6
"656","64343","55",1,39,94.4
"657","64343","60",1,55,96.2
"658","64343","61",0,NA,40.7
"659","64343","62",1,36,NA
"660","64343","63",0,NA,40.7
"661","64343","65",1,63,100
"662","64343","70",1,59,79.6
"663","64343","76",1,60,90.7
"664","64343","79",1,31,89.8
"665","64343","85",1,45,98.1
"666","64343","86",1,55,91.6
"667","64343","87",1,61,98.1
"668","64343","88",0,58,54.6
"669","64343","100",1,68,100
"670","64343","107",0,43,96.2
"671","64343","109",1,NA,90.7
"672","64343","112",1,30,25.9
"673","64343","113",0,63,84.2
"674","64343","121",0,71,80.5
"675","64343","122",1,36,100
"676","64343","124",0,37,57.4
"677","64343","133",1,41,98.1
"678","64343","135",1,36,NA
"679","64343","138",0,59,46.2
"680","64343","145",0,38,48.1
"681","64343","149",1,46,NA
"682","64343","192",1,51,85.1
"683","64343","197",1,56,95.3
"684","64359","160",0,NA,86.1
"685","64359","238",0,70,96.2
"686","64359","259",0,74,87
"687","64359","262",0,45,77.7
"688","64359","310",1,45,78.7
"689","64359","412",1,34,58.3
"690","64359","417",1,43,NA
"691","64359","423",1,60,NA
"692","64359","596",0,70,87.9
"693","64359","637",0,70,90.7
"694","64359","699",1,55,75.9
"695","64359","720",1,53,87
"696","64359","734",1,53,78.7
"697","64359","735",1,NA,57.4
"698","64359","757",1,63,89.8
"699","64359","794",1,56,80.5
"700","64428","91",1,36,93.5
"701","64428","119",1,50,62.9
"702","64428","158",0,83,NA
"703","64428","1290",0,46,62.9
"704","64428","1291",0,55,50.9
"705","65385","41",1,60,91.6
"706","65385","129",0,53,90.7
"707","65385","151",0,51,76.8
"708","65385","195",0,57,85.1
"709","66365","46",0,44,62.9
"710","66365","109",1,53,97.2
"711","66365","116",1,26,73.1
"712","66365","134",1,57,86.1
"713","66365","136",1,32,NA
"714","66365","138",1,43,85.1
"715","67051","16",0,36,37
"716","67051","50",1,45,87
"717","67051","60",1,45,78.7
"718","67051","81",1,20,50.9
"719","67051","89",0,43,40.7
"720","67051","115",1,45,89.8
"721","67051","159",0,35,69.4
"722","67051","175",0,46,67.5
"723","67051","208",1,NA,74
"724","67105","14",1,45,25.9
"725","67105","27",1,NA,63.8
"726","67105","30",1,43,NA
"727","67105","34",1,74,55.5
"728","67105","40",1,58,68.5
"729","67105","60",1,62,18.5
"730","67105","68",0,78,77.7
"731","67105","72",1,53,52.7
"732","67105","96",1,71,66.6
"733","67105","97",1,NA,72.2
"734","67105","99",1,46,59.2
"735","67105","103",1,50,59.2
"736","67105","109",0,68,NA
"737","67105","113",1,NA,39.8
"738","67105","116",1,53,61.1
"739","67105","120",0,NA,57.4
"740","67105","128",1,79,75.9
"741","67105","131",1,45,82.4
"742","67105","132",1,65,55.5
"743","67105","146",1,53,48.1
"744","67105","147",0,55,85.1
"745","67105","155",1,64,38.8
"746","67105","156",0,67,57.4
"747","67105","160",0,60,74
"748","67105","192",1,55,60.1
"749","67105","193",1,60,86.1
"750","67105","196",0,57,74
"751","67105","201",1,58,83.3
"752","67105","207",1,62,57.4
"753","67105","208",0,66,79.6
"754","67105","209",1,57,72.2
"755","67311","6",1,34,81.4
"756","67311","17",0,61,78.7
"757","67311","18",1,NA,86.1
"758","67311","36",0,55,74
"759","67311","44",1,NA,88.8
"760","67311","50",1,65,92.5
"761","67311","70",0,39,92.5
"762","67311","83",1,NA,73.1
"763","67311","87",1,38,87.9
"764","67311","130",1,36,90.7
"765","67311","141",1,59,91.6
"766","67311","144",0,58,93.5
"767","68107","5",1,53,90.7
"768","68107","12",1,53,97.2
"769","68107","18",1,52,87.9
"770","68107","22",1,51,88.8
"771","68107","25",1,49,84.2
"772","68107","26",1,78,93.5
"773","68107","28",1,45,71.2
"774","68107","37",0,68,87.9
"775","68107","45",1,67,83.3
"776","68107","48",0,49,NA
"777","68107","60",1,NA,77.7
"778","68107","65",0,41,61.1
"779","68107","66",1,22,64.8
"780","68107","70",1,49,70.3
"781","68107","73",1,55,78.7
"782","68107","74",0,NA,86.1
"783","68107","77",1,30,75
"784","68107","78",0,65,78.7
"785","68107","80",1,43,80.5
"786","68107","83",0,51,81.4
"787","68107","87",0,44,64.8
"788","68107","90",1,41,NA
"789","68107","92",1,28,86.1
"790","68107","96",1,38,79.6
"791","68107","98",1,39,NA
"792","68107","99",0,73,92.5
"793","68107","101",1,62,91.6
"794","68107","110",1,55,83.3
"795","68107","118",0,46,82.4
"796","68107","123",1,NA,84.2
"797","68107","126",1,46,83.3
"798","68107","128",1,49,74
"799","68107","132",1,NA,64.8
"800","68107","133",1,36,67.5
"801","68107","138",1,55,86.1
"802","68107","139",1,36,NA
"803","68107","140",1,NA,75.9
"804","68107","141",0,NA,62.9
"805","68107","144",1,16,63.8
"806","68107","146",1,35,68.5
"807","68107","147",1,25,NA
"808","68107","148",1,23,47.2
"809","68107","153",1,34,68.5
"810","68107","156",1,34,68.5
"811","68107","160",1,65,86.1
"812","68107","163",1,41,69.4
"813","68107","165",1,51,NA
"814","68107","167",1,50,NA
"815","68107","168",0,41,66.6
"816","68107","171",1,32,65.7
"817","68107","172",0,60,77.7
"818","68107","174",0,43,69.4
"819","68107","175",1,NA,85.1
"820","68107","178",0,NA,69.4
"821","68107","179",1,44,91.6
"822","68107","180",0,57,78.7
"823","68107","183",0,NA,53.7
"824","68107","184",0,49,65.7
"825","68107","185",1,51,70.3
"826","68107","186",1,43,NA
"827","68107","187",0,45,74
"828","68107","188",0,46,61.1
"829","68107","190",0,NA,75.9
"830","68107","191",1,37,62
"831","68107","193",1,NA,62
"832","68107","197",1,32,69.4
"833","68107","201",1,28,67.5
"834","68107","204",0,44,NA
"835","68107","205",0,28,55.5
"836","68107","206",1,43,62
"837","68107","209",0,48,80.5
"838","68107","210",0,39,67.5
"839","68107","211",1,18,64.8
"840","68107","212",0,59,69.4
"841","68107","216",1,38,NA
"842","68107","217",1,NA,60.1
"843","68107","219",0,33,74
"844","68107","220",0,30,50
"845","68107","221",0,NA,79.6
"846","68111","7",1,53,80.5
"847","68111","8",1,48,76.8
"848","68111","9",1,33,76.8
"849","68111","11",1,NA,83.3
"850","68111","21",1,NA,87.9
"851","68111","22",0,58,75
"852","68111","24",0,39,NA
"853","68111","25",0,45,NA
"854","68111","33",1,NA,66.6
"855","68111","34",1,45,86.1
"856","68111","38",1,44,82.4
"857","68111","43",1,38,77.7
"858","68111","46",1,60,94.4
"859","68111","49",1,56,75.9
"860","68111","56",1,55,73.1
"861","68111","57",1,60,82.4
"862","68111","69",1,46,79.6
"863","68111","70",0,50,74
"864","68111","76",1,40,61.1
"865","68111","82",1,NA,86.1
"866","68111","84",0,41,69.4
"867","68111","85",0,39,59.2
"868","68111","88",0,53,82.4
"869","68111","92",0,41,71.2
"870","68111","95",1,58,85.1
"871","68111","99",0,53,63.8
"872","68111","109",0,49,74
"873","68111","113",1,60,89.8
"874","68111","120",0,37,73.1
"875","68111","121",0,55,85.1
"876","68121","5000",1,52,77.7
"877","68121","5002",0,46,78.7
"878","68121","5003",1,40,NA
"879","68121","5010",1,51,NA
"880","68121","5014",1,38,92.5
"881","68121","5024",1,43,86.1
"882","68121","5032",1,NA,82.4
"883","68121","5036",1,38,53.7
"884","68121","5039",1,33,59.2
"885","68121","5070",1,33,37.9
"886","68121","5075",1,35,88.8
"887","68121","5080",1,43,83.3
"888","68121","5089",1,NA,88.8
"889","68121","5095",1,52,98.1
"890","68121","5105",1,NA,80.5
"891","68121","5107",0,55,61.1
"892","68121","5117",1,45,96.2
"893","68121","5124",1,39,41.6
"894","68121","5131",1,41,61.1
"895","68121","5132",0,51,72.2
"896","68121","5146",1,67,94.4
"897","68121","5153",0,NA,65.7
"898","68125","14",0,56,71.2
"899","68125","15",0,56,91.6
"900","68125","16",1,40,64.8
"901","68125","18",1,55,98.1
"902","68125","19",1,28,NA
"903","68125","27",0,45,74
"904","68125","41",1,60,93.5
"905","68125","42",1,35,86.1
"906","68125","45",1,25,61.1
"907","68125","61",1,38,87.9
"908","68125","63",0,32,82.4
"909","68125","73",1,41,79.6
"910","68125","74",1,41,80.5
"911","68125","77",1,43,92.5
"912","68125","82",1,NA,87.9
"913","68125","91",0,49,57.4
"914","68125","93",1,57,90.7
"915","68125","96",1,44,25
"916","68125","99",1,48,84.2
"917","68125","100",1,NA,94.4
"918","68125","101",1,38,75
"919","68125","104",1,51,60.1
"920","68125","105",1,76,93.5
"921","68125","111",1,51,85.1
"922","68125","116",0,30,9.25
"923","68125","117",1,62,86.1
"924","68125","121",1,37,69.4
"925","68125","126",0,29,33.3
"926","68125","127",1,36,91.6
"927","68125","128",1,48,78.7
"928","68125","131",1,37,84.2
"929","68125","135",1,55,97.2
"930","68125","136",1,56,90.7
"931","68125","139",0,38,62
"932","68125","145",1,62,90.7
"933","68125","149",0,48,65.7
"934","68125","156",0,52,78.7
"935","68125","159",0,40,76.8
"936","68125","174",1,56,88.8
"937","68125","176",1,52,61.1
"938","68125","183",1,53,78.7
"939","68125","185",1,34,NA
"940","68125","196",0,46,87
"941","68125","199",0,66,NA
"942","68125","208",0,39,79.6
"943","68125","211",1,62,98.1
"944","68125","213",1,64,91.6
"945","68125","214",1,23,73.1
"946","68125","215",1,43,84.2
"947","68125","216",1,73,98.1
"948","68133","5020",1,45,86.1
"949","68133","5023",1,25,71.2
"950","68133","5035",1,34,93.5
"951","68133","5037",0,35,NA
"952","68133","5043",1,36,82.4
"953","68133","5056",1,37,78.7
"954","68133","5069",0,46,55.5
"955","68133","5071",0,41,70.3
"956","68133","5083",1,NA,85.1
"957","68133","5084",0,58,NA
"958","68133","5087",1,41,88.8
"959","68133","5093",1,NA,87.9
"960","68133","5098",0,38,87.9
"961","68133","5100",0,64,85.1
"962","68133","5104",0,21,50.9
"963","68133","5108",0,30,66.6
"964","68133","5111",1,20,29.6
"965","68133","5112",1,59,90.7
"966","68133","5131",0,29,72.2
"967","68133","5143",0,57,92.5
"968","68133","5152",0,NA,72.2
"969","68133","5159",1,NA,40.7
"970","68133","5163",1,37,85.1
"971","68133","5176",1,27,67.5
"972","68133","5177",1,51,88.8
"973","68133","5183",0,43,79.6
"974","68133","5195",0,NA,73.1
"975","68133","5196",0,23,81.4
"976","68133","5198",1,31,60.1
"977","68133","5202",1,40,91.6
"978","68133","5203",1,14,NA
"979","68133","5205",1,36,77.7
"980","68133","5210",1,20,59.2
"981","68133","5214",1,39,NA
"982","68133","5219",1,30,NA
"983","68133","5220",0,38,86.1
"984","68133","5232",1,33,NA
"985","68133","5255",1,40,80.5
"986","68133","5257",1,NA,69.4
"987","68133","5261",1,36,76.8
"988","68133","5270",0,30,70.3
"989","68133","5278",1,60,89.8
"990","68133","5287",0,32,69.4
"991","68133","5288",1,43,91.6
"992","68133","5291",1,NA,92.5
"993","68133","5296",1,51,91.6
"994","68133","5298",0,25,63.8
"995","68137","1",1,18,56.4
"996","68137","2",1,23,55.5
"997","68137","3",1,25,NA
"998","68137","4",1,29,73.1
"999","68137","5",1,NA,66.6
"1000","68137","9",1,20,60.1
"1001","68137","11",1,34,63.8
"1002","68137","12",1,60,89.8
"1003","68137","13",1,44,76.8
"1004","68137","14",1,20,58.3
"1005","68137","16",1,16,52.7
"1006","68137","18",1,41,54.6
"1007","68137","19",1,40,NA
"1008","68137","22",1,34,85.1
"1009","68137","23",1,25,61.1
"1010","68137","24",1,51,73.1
"1011","68137","25",1,23,75
"1012","68137","26",1,18,75.9
"1013","68137","27",1,36,69.4
"1014","68137","28",1,38,72.2
"1015","68137","34",1,13,55.5
"1016","68137","38",1,53,82.4
"1017","68137","39",1,18,47.2
"1018","68137","41",1,18,56.4
"1019","68137","42",1,36,83.3
"1020","68137","43",1,51,64.8
"1021","68137","44",1,NA,59.2
"1022","68137","45",1,18,49
"1023","68137","46",1,44,84.2
"1024","68137","48",1,27,78.7
"1025","68137","49",1,35,61.1
"1026","68137","50",1,34,83.3
"1027","68137","52",1,23,27.7
"1028","68137","53",1,NA,37
"1029","68137","54",1,22,54.6
"1030","68137","55",1,NA,88.8
"1031","68137","56",1,32,73.1
"1032","68137","59",1,59,89.8
"1033","68137","62",1,36,69.4
"1034","68137","64",1,23,74
"1035","68137","65",1,2.5,50
"1036","68137","66",1,NA,39.8
"1037","68137","67",1,39,64.8
"1038","68137","68",1,NA,92.5
"1039","68137","69",1,23,76.8
"1040","68137","70",1,41,67.5
"1041","68137","74",1,21,81.4
"1042","68137","75",1,14,31.4
"1043","68137","77",1,18,60.1
"1044","68137","78",1,13,54.6
"1045","68137","79",1,7.5,27.7
"1046","68137","80",1,4.3,50.9
"1047","68137","81",1,23,54.6
"1048","68137","82",1,30,80.5
"1049","68137","83",1,30,84.2
"1050","68137","84",1,14,28.7
"1051","68137","85",1,11,27.7
"1052","68137","86",1,41,70.3
"1053","68137","87",1,39,76.8
"1054","68137","88",1,36,NA
"1055","68137","91",1,16,76.8
"1056","68137","92",1,13,62
"1057","68137","93",1,NA,32.4
"1058","68137","94",1,43,NA
"1059","68137","96",1,18,32.4
"1060","68137","97",1,11,57.4
"1061","68137","98",1,NA,58.3
"1062","68137","99",1,20,NA
"1063","68137","100",1,11,61.1
"1064","68137","101",1,33,72.2
"1065","68137","207",0,32,52.7
"1066","68137","208",0,25,59.2
"1067","68137","209",0,11,37
"1068","68137","212",0,34,54.6
"1069","68137","213",0,34,NA
"1070","68137","214",0,23,51.8
"1071","68137","215",0,25,60.1
"1072","68137","219",0,33,NA
"1073","68137","221",0,48,85.1
"1074","68137","222",0,20,73.1
"1075","68137","223",0,34,65.7
"1076","68137","226",0,32,62.9
"1077","68137","228",0,23,43.5
"1078","68137","231",0,25,55.5
"1079","68137","233",0,30,37
"1080","68137","234",0,33,49
"1081","68137","237",0,37,69.4
"1082","68137","239",0,36,63.8
"1083","68137","242",0,18,42.5
"1084","68137","243",0,27,57.4
"1085","68137","244",0,NA,72.2
"1086","68137","246",0,51,NA
"1087","68137","251",0,41,67.5
"1088","68137","252",0,NA,75.9
"1089","68137","254",0,35,NA
"1090","68137","255",0,36,62
"1091","68137","258",0,23,61.1
"1092","68137","260",0,25,NA
"1093","68137","261",0,46,89.8
"1094","68137","264",0,50,70.3
"1095","68137","268",0,15,43.5
"1096","68137","270",0,NA,73.1
"1097","68137","272",0,43,78.7
"1098","68137","273",0,35,60.1
"1099","68201","3",0,82,92.5
"1100","68201","5",1,79,88.8
"1101","68201","11",1,50,71.2
"1102","68201","14",0,60,61.1
"1103","68207","7",1,32,58.3
"1104","68207","84",1,25,41.6
"1105","68207","101",1,23,62.9
"1106","68207","126",1,26,57.4
"1107","68207","167",0,NA,50
"1108","68217","1",0,41,70.3
"1109","68217","3",0,37,43.5
"1110","68217","16",0,31,44.4
"1111","68217","70",0,NA,76.8
"1112","68217","71",1,49,95.3
"1113","68217","74",1,36,NA
"1114","68217","75",1,32,74
"1115","68217","76",1,23,NA
"1116","68217","83",1,20,76.8
"1117","68217","87",1,30,88.8
"1118","68217","94",1,36,72.2
"1119","68217","100",1,43,84.2
"1120","68217","101",1,41,82.4
"1121","68217","106",1,45,73.1
"1122","68217","108",1,NA,93.5
"1123","68217","109",1,NA,73.1
"1124","68217","110",1,26,86.1
"1125","68217","112",1,50,87
"1126","68217","114",1,32,85.1
"1127","68217","118",1,30,74
"1128","68217","121",1,48,94.4
"1129","68217","125",1,38,62
"1130","68217","132",1,NA,86.1
"1131","68227","3",0,56,76.8
"1132","68227","13",0,60,79.6
"1133","68227","15",0,39,76.8
"1134","68227","20",0,35,70.3
"1135","68227","21",0,38,76.8
"1136","68227","28",0,50,61.1
"1137","68227","30",0,36,10.1
"1138","68227","33",0,53,NA
"1139","68227","44",0,36,70.3
"1140","68227","46",0,41,87
"1141","68227","50",0,46,57.4
"1142","68227","54",0,48,NA
"1143","68227","55",0,41,62.9
"1144","68227","80",1,44,70.3
"1145","68227","84",1,40,62
"1146","68227","122",1,NA,76.8
"1147","68227","123",1,32,76.8
"1148","68233","403",1,NA,92.5
"1149","68233","405",1,30,78.7
"1150","68233","408",0,37,43.5
"1151","68233","422",0,39,67.5
"1152","68233","428",0,51,67.5
"1153","68233","433",0,26,NA
"1154","68233","434",0,32,44.4
"1155","68233","436",0,41,65.7
"1156","68233","438",1,23,47.2
"1157","68233","439",1,NA,51.8
"1158","68233","440",1,32,74
"1159","68233","441",1,65,92.5
"1160","68233","442",1,35,58.3
"1161","68233","444",1,66,90.7
"1162","68233","445",1,50,NA
"1163","68233","446",1,NA,81.4
"1164","68233","448",1,25,41.6
"1165","68233","455",0,33,39.8
"1166","68233","457",0,14,23.1
"1167","68233","466",1,27,50
"1168","68233","467",1,60,85.1
"1169","68233","469",1,41,51.8
"1170","68233","470",1,37,55.5
"1171","68233","471",1,43,88.8
"1172","68233","473",1,31,60.1
"1173","68233","480",0,38,47.2
"1174","68233","484",0,35,50
"1175","68233","487",0,35,64.8
"1176","68233","490",1,45,85.1
"1177","68233","495",1,57,NA
"1178","68233","498",1,73,89.8
"1179","68233","501",1,18,68.5
"1180","68233","634",1,NA,60.1
"1181","68233","652",1,43,71.2
"1182","68233","777",1,NA,60.1
"1183","68233","921",0,58,50
"1184","68233","1052",1,30,52.7
"1185","68237","7",0,48,67.5
"1186","68237","11",1,48,83.3
"1187","68237","18",0,55,62.9
"1188","68237","32",1,61,87
"1189","68237","36",1,60,99
"1190","68237","41",1,55,86.1
"1191","68237","42",1,38,82.4
"1192","68237","47",1,46,NA
"1193","68237","51",1,59,NA
"1194","68237","62",0,49,77.7
"1195","68237","71",1,46,73.1
"1196","68237","73",0,56,75.9
"1197","68237","75",0,46,80.5
"1198","68237","84",0,48,65.7
"1199","68237","85",1,NA,93.5
"1200","68237","87",0,53,86.1
"1201","68237","93",1,41,NA
"1202","68237","110",0,46,74
"1203","68237","115",1,27,NA
"1204","68237","126",0,49,72.2
"1205","68237","128",0,46,92.5
"1206","68237","129",1,59,65.7
"1207","68237","134",0,41,74
"1208","68237","137",1,NA,83.3
"1209","68237","153",1,61,87
"1210","68237","158",1,38,66.6
"1211","68237","161",0,53,NA
"1212","68237","162",0,53,78.7
"1213","68237","164",1,39,52.7
"1214","68237","173",1,40,NA
"1215","68237","178",1,43,66.6
"1216","68237","185",1,46,90.7
"1217","68237","188",0,66,77.7
"1218","68237","195",1,NA,99
"1219","68237","197",0,51,81.4
"1220","68237","208",1,71,94.4
"1221","68237","212",0,52,87
"1222","68241","1004",1,53,88.8
"1223","68241","1012",1,48,76.8
"1224","68241","1020",1,61,70.3
"1225","68241","1021",1,46,NA
"1226","68241","1031",1,53,87
"1227","68241","1032",1,53,90.7
"1228","68241","1056",1,46,59.2
"1229","68241","1066",1,33,63.8
"1230","68241","1070",1,49,58.3
"1231","68241","1072",1,41,79.6
"1232","68241","1073",1,53,74
"1233","68241","1074",1,39,75.9
"1234","68241","1076",0,49,46.2
"1235","68241","1095",0,70,86.1
"1236","68241","1108",0,71,NA
"1237","68241","1116",0,46,NA
"1238","68241","1117",0,56,75.9
"1239","68241","1138",0,NA,87.9
"1240","68255","1",0,38,50.9
"1241","68255","2",0,55,84.2
"1242","68255","6",0,48,86.1
"1243","68255","9",0,46,78.7
"1244","68255","10",0,55,87.9
"1245","68255","24",0,53,93.5
"1246","68255","28",0,68,95.3
"1247","68255","35",0,65,80.5
"1248","68255","43",0,43,78.7
"1249","68255","53",0,62,84.2
"1250","68255","56",0,51,78.7
"1251","68255","57",0,NA,81.4
"1252","68255","63",0,51,83.3
"1253","68255","67",0,66,98.1
"1254","68255","70",1,50,90.7
"1255","68255","79",1,61,88.8
"1256","68255","83",1,53,94.4
"1257","68255","89",1,61,80.5
"1258","68255","98",1,60,92.5
"1259","68255","102",1,53,88.8
"1260","68255","106",1,43,90.7
"1261","68255","110",1,58,75.9
"1262","68255","116",1,55,85.1
"1263","68255","118",1,53,92.5
"1264","68271","21",1,NA,75.9
"1265","68271","48",1,31,62.9
"1266","68271","75",1,44,56.4
"1267","68271","90",1,36,49
"1268","68271","92",0,NA,83.3
"1269","68271","102",0,25,41.6
"1270","68271","141",0,45,62
"1271","68271","160",1,36,89.8
"1272","68271","169",1,43,84.2
"1273","68271","170",0,56,89.8
"1274","68271","241",1,36,79.6
"1275","68271","243",1,51,NA
"1276","68271","246",1,36,73.1
"1277","68303","4",0,NA,68.5
"1278","68303","9",0,44,63.8
"1279","68303","18",0,67,85.1
"1280","68303","25",0,39,NA
"1281","68303","31",0,55,58.3
"1282","68303","32",0,60,83.3
"1283","68303","35",0,30,NA
"1284","68303","49",1,45,42.5
"1285","68303","50",0,41,54.6
"1286","68303","53",0,NA,69.4
"1287","68303","63",0,48,71.2
"1288","68303","64",1,62,84.2
"1289","68303","80",1,NA,82.4
"1290","68303","86",1,46,69.4
"1291","68303","93",1,40,67.5
"1292","68303","96",0,56,65.7
"1293","68303","100",0,71,95.3
"1294","68303","101",0,48,85.1
"1295","68303","106",0,37,67.5
"1296","68303","110",1,51,84.2
"1297","68303","113",0,67,69.4
"1298","68303","117",0,48,61.1
"1299","68303","120",0,35,51.8
"1300","68303","128",1,32,55.5
"1301","68303","138",1,57,79.6
"1302","68303","141",1,43,57.4
"1303","68303","153",0,50,39.8
"1304","68303","157",1,55,75
"1305","68303","161",1,43,54.6
"1306","68303","167",1,28,62
"1307","68303","168",1,53,79.6
"1308","68303","169",1,36,66.6
"1309","68303","175",0,52,62
"1310","68303","176",1,63,69.4
"1311","68303","178",0,65,76.8
"1312","68303","192",1,56,63.8
"1313","68303","193",0,55,73.1
"1314","68303","195",0,56,60.1
"1315","68303","197",0,59,65.7
"1316","68303","199",0,46,56.4
"1317","68321","5001",1,51,78.7
"1318","68321","5005",1,41,83.3
"1319","68321","5021",1,51,77.7
"1320","68321","5023",0,43,97.2
"1321","68321","5031",0,64,97.2
"1322","68321","5032",1,NA,100
"1323","68321","5033",0,57,91.6
"1324","68321","5034",1,31,73.1
"1325","68321","5035",1,48,83.3
"1326","68321","5040",0,43,73.1
"1327","68321","5041",1,39,58.3
"1328","68321","5042",0,68,63.8
"1329","68321","5049",1,NA,65.7
"1330","68321","5050",0,36,NA
"1331","68321","5051",0,50,NA
"1332","68321","5052",1,NA,78.7
"1333","68321","5053",0,40,69.4
"1334","68321","5057",0,72,NA
"1335","68321","5058",0,39,82.4
"1336","68321","5059",1,55,73.1
"1337","68321","5067",0,52,72.2
"1338","68321","5076",0,NA,83.3
"1339","68321","5080",1,41,81.4
"1340","68321","5082",1,56,87
"1341","68321","5083",0,60,78.7
"1342","68321","5089",0,48,76.8
"1343","68321","5092",1,41,85.1
"1344","68321","5093",0,38,43.5
"1345","68321","5094",0,46,61.1
"1346","68321","5097",1,48,94.4
"1347","68321","5098",1,65,88.8
"1348","68321","5099",0,50,78.7
"1349","68321","5106",1,60,77.7
"1350","68321","5107",1,51,60.1
"1351","68321","5113",0,NA,61.1
"1352","68321","5125",1,60,92.5
"1353","68321","5128",0,61,79.6
"1354","68321","5130",1,51,74
"1355","68321","5131",0,81,96.2
"1356","68321","5133",0,59,97.2
"1357","68321","5136",0,50,NA
"1358","68321","5137",1,59,72.2
"1359","68321","5138",1,NA,73.1
"1360","68321","5140",1,59,84.2
"1361","68321","5144",1,53,70.3
"1362","68321","5148",1,53,NA
"1363","68321","5149",0,43,NA
"1364","68321","5150",1,53,85.1
"1365","68321","5151",1,60,83.3
"1366","68321","5152",1,46,83.3
"1367","68321","5153",0,68,88.8
"1368","68321","5154",1,NA,61.1
"1369","68329","8",0,44,62.9
"1370","68329","103",1,53,79.6
"1371","68329","128",1,40,91.6
"1372","68329","133",0,43,75
"1373","68329","156",1,55,92.5
"1374","68329","163",1,50,89.8
"1375","68405","5007",0,NA,87.9
"1376","68405","5011",0,51,95.3
"1377","68405","5023",1,67,73.1
"1378","68405","5026",1,65,87.9
"1379","68405","5028",0,55,89.8
"1380","68405","5035",1,76,95.3
"1381","68405","5045",1,51,67.5
"1382","68405","5050",1,NA,78.7
"1383","68405","5062",0,53,NA
"1384","68405","5063",1,53,64.8
"1385","68405","5070",1,65,NA
"1386","68405","5074",0,41,63.8
"1387","68405","5080",1,34,79.6
"1388","68405","5090",0,56,77.7
"1389","68405","5091",1,65,90.7
"1390","68405","5092",0,61,84.2
"1391","68405","5097",1,48,93.5
"1392","68405","5104",1,66,74
"1393","68405","5113",1,50,86.1
"1394","68405","5116",1,48,77.7
"1395","68405","5119",1,66,87.9
"1396","68405","5131",1,NA,74
"1397","68405","5133",0,NA,78.7
"1398","68405","5140",1,75,81.4
"1399","68405","5145",1,64,84.2
"1400","68405","5146",0,55,86.1
"1401","68405","5166",1,66,62
"1402","68405","5183",1,52,77.7
"1403","68405","5184",1,45,92.5
"1404","68405","5193",1,44,70.3
"1405","68405","5194",1,55,71.2
"1406","68405","5209",0,55,55.5
"1407","68405","5214",1,49,68.5
"1408","68405","5215",0,59,96.2
"1409","68405","5223",1,71,84.2
"1410","68405","5226",1,32,75.9
"1411","68411","1",1,39,70.3
"1412","68411","2",1,30,41.6
"1413","68411","3",0,46,56.4
"1414","68411","4",1,44,55.5
"1415","68411","7",1,31,55.5
"1416","68411","15",1,49,66.6
"1417","68411","19",1,NA,56.4
"1418","68411","20",0,59,81.4
"1419","68411","21",1,48,60.1
"1420","68411","22",1,46,74
"1421","68411","24",0,NA,52.7
"1422","68411","27",1,32,37
"1423","68411","28",0,NA,43.5
"1424","68411","32",0,29,45.3
"1425","68411","34",1,65,50
"1426","68411","36",1,14,19.4
"1427","68411","37",0,52,47.2
"1428","68411","39",1,31,65.7
"1429","68411","42",1,53,71.2
"1430","68411","47",1,29,58.3
"1431","68411","50",1,NA,51.8
"1432","68411","51",0,49,76.8
"1433","68411","56",1,43,50.9
"1434","68411","59",1,52,76.8
"1435","68411","60",0,26,38.8
"1436","68411","63",1,34,64.8
"1437","68411","64",1,43,NA
"1438","68411","66",0,38,58.3
"1439","68411","67",1,30,69.4
"1440","68411","71",1,NA,55.5
"1441","68411","72",1,34,68.5
"1442","68411","77",1,34,74
"1443","68411","82",0,32,NA
"1444","68411","83",1,20,30.5
"1445","68411","88",1,55,75.9
"1446","68411","90",1,32,62
"1447","68411","99",1,30,68.5
"1448","68411","101",1,62,79.6
"1449","68411","102",0,46,46.2
"1450","68411","103",1,41,64.8
"1451","68411","109",0,44,NA
"1452","68411","111",0,59,65.7
"1453","68411","112",0,30,42.5
"1454","68411","116",1,46,NA
"1455","68411","119",1,63,83.3
"1456","68411","121",1,NA,70.3
"1457","68411","122",0,38,48.1
"1458","68411","124",1,41,62.9
"1459","68411","129",0,NA,36.1
"1460","68411","136",1,25,NA
"1461","68411","137",0,55,NA
"1462","68411","138",0,41,38.8
"1463","68411","139",1,49,74
"1464","68411","141",1,36,67.5
"1465","68411","143",1,NA,68.5
"1466","68411","145",1,16,32.4
"1467","68411","148",0,NA,71.2
"1468","68411","151",0,35,60.1
"1469","68411","152",0,41,64.8
"1470","68411","154",1,28,52.7
"1471","68411","155",0,38,61.1
"1472","68411","156",1,26,58.3
"1473","68411","161",1,36,NA
"1474","68411","164",0,53,78.7
"1475","68411","165",1,46,64.8
"1476","68411","169",0,40,67.5
"1477","68411","170",0,48,76.8
"1478","68411","172",1,43,68.5
"1479","68411","176",0,36,58.3
"1480","68411","178",0,67,38.8
"1481","68411","179",0,58,70.3
"1482","68411","181",1,38,56.4
"1483","68411","182",0,23,23.1
"1484","68411","184",0,61,NA
"1485","68411","188",1,45,60.1
"1486","68411","193",1,36,56.4
"1487","68411","194",1,44,59.2
"1488","68411","195",1,43,75
"1489","68411","197",1,33,61.1
"1490","68411","200",0,50,72.2
"1491","68411","204",1,59,NA
"1492","68411","207",1,41,52.7
"1493","68411","209",1,22,50
"1494","68411","211",1,NA,71.2
"1495","68417","5000",1,30,71.2
"1496","68417","5001",1,34,76.8
"1497","68417","5002",1,70,89.8
"1498","68417","5004",0,50,81.4
"1499","68417","5009",1,32,58.3
"1500","68417","5011",0,63,80.5
"1501","68417","5012",0,53,NA
"1502","68417","5013",1,55,81.4
"1503","68417","5017",0,38,79.6
"1504","68417","5019",1,35,NA
"1505","68417","5022",0,33,78.7
"1506","68417","5024",1,34,71.2
"1507","68417","5025",0,45,67.5
"1508","68417","5026",1,48,NA
"1509","68417","5029",0,41,59.2
"1510","68417","5034",1,41,70.3
"1511","68417","5035",1,49,75.9
"1512","68417","5036",0,36,NA
"1513","68417","5038",1,NA,72.2
"1514","68417","5043",0,45,78.7
"1515","68417","5044",1,45,NA
"1516","68417","5047",0,50,70.3
"1517","68417","5052",0,64,62.9
"1518","68417","5053",0,71,89.8
"1519","68417","5054",0,78,87.9
"1520","68417","5058",1,30,70.3
"1521","68417","5061",0,46,84.2
"1522","68417","5062",0,49,60.1
"1523","68417","5063",0,65,NA
"1524","68417","5066",1,53,88.8
"1525","68417","5068",0,45,53.7
"1526","68417","5069",0,43,80.5
"1527","68417","5070",0,66,89.8
"1528","68417","5071",0,60,89.8
"1529","68417","5072",1,43,45.3
"1530","68417","5074",1,62,78.7
"1531","68417","5077",1,43,77.7
"1532","68417","5079",0,66,92.5
"1533","68417","5080",0,57,67.5
"1534","68417","5083",1,40,59.2
"1535","68417","5087",0,64,70.3
"1536","68417","5090",1,69,83.3
"1537","68417","5092",1,48,87.9
"1538","68417","5093",0,67,81.4
"1539","68417","5095",1,56,42.5
"1540","68417","5097",0,57,75
"1541","68417","5098",0,68,67.5
"1542","68531","6",1,68,74
"1543","68531","12",1,41,61.1
"1544","68531","19",0,57,NA
"1545","68531","32",0,63,68.5
"1546","68531","35",1,64,86.1
"1547","68531","68",0,56,39.8
"1548","68531","77",1,41,67.5
"1549","68531","83",1,NA,75
"1550","68531","86",1,59,NA
"1551","68531","95",1,67,78.7
"1552","68531","97",1,NA,55.5
"1553","68531","118",1,44,74
"1554","68531","126",1,59,94.4
"1555","68531","137",1,57,79.6
"1556","68531","154",1,48,87.9
"1557","68531","167",1,38,NA
"1558","68531","190",0,65,83.3
"1559","68531","192",1,53,85.1
"1560","68531","193",1,43,72.2
"1561","68531","211",1,55,81.4
"1562","68531","214",1,NA,91.6
"1563","68531","227",1,48,NA
"1564","68611","2",0,43,59.2
"1565","68611","15",0,41,51.8
"1566","68611","19",0,29,NA
"1567","68611","41",1,31,65.7
"1568","68611","47",1,35,59.2
"1569","68611","49",1,34,67.5
"1570","68611","50",1,43,80.5
"1571","68611","52",1,16,68.5
"1572","68611","53",1,31,54.6
"1573","68611","54",1,44,70.3
"1574","68629","22",0,43,84.2
"1575","68629","24",0,59,72.2
"1576","68629","25",0,53,73.1
"1577","68629","32",1,39,75
"1578","68629","44",0,76,91.6
"1579","68629","48",0,49,61.1
"1580","68629","52",1,53,69.4
"1581","68629","56",0,43,NA
"1582","68629","59",1,NA,97.2
"1583","68629","60",1,34,85.1
"1584","68629","62",1,53,81.4
"1585","68629","66",0,48,NA
"1586","68629","77",1,NA,86.1
"1587","68629","81",0,43,44.4
"1588","68629","82",1,43,79.6
"1589","68629","98",0,55,38.8
"1590","68629","102",0,50,85.1
"1591","68629","106",1,55,83.3
"1592","68629","108",1,41,68.5
"1593","68629","110",0,61,87.9
"1594","68629","115",0,59,81.4
"1595","68629","124",0,55,70.3
"1596","68629","139",1,50,98.1
"1597","68629","143",1,49,85.1
"1598","68629","156",0,48,51.8
"1599","68629","162",0,37,62.9
"1600","68629","175",0,NA,75
"1601","68629","176",1,56,82.4
"1602","68629","189",0,65,70.3
"1603","68629","197",0,41,NA
"1604","68711","17",1,30,55.5
"1605","68711","66",1,30,37
"1606","68711","75",1,37,55.5
"1607","68711","79",0,55,58.3
"1608","68711","165",1,22,NA
"1609","68711","182",1,41,70.3
"1610","68711","188",0,44,45.3
"1611","68711","225",0,46,32.4
"1612","68711","230",1,71,NA
"1613","68711","237",0,NA,47.2
"1614","68723","5107",1,48,77.7
"1615","68723","5118",1,55,NA
"1616","68723","5121",1,37,52.7
"1617","68723","5122",1,37,63.8
"1618","68723","5216",1,41,NA
"1619","68723","5221",1,NA,74
"1620","68723","5322",0,52,62.9
"1621","68723","5516",1,50,73.1
"1622","68723","5521",1,NA,80.5
"1623","68805","1",1,62,98.1
"1624","68805","12",0,64,96.2
"1625","68805","17",0,44,76.8
"1626","68805","27",0,62,96.2
"1627","68805","32",1,33,NA
"1628","68805","33",1,38,77.7
"1629","68805","41",1,60,89.8
"1630","68805","44",0,40,86.1
"1631","68805","47",1,NA,87
"1632","68805","61",0,60,86.1
"1633","68805","65",1,35,86.1
"1634","68805","66",1,32,54.6
"1635","68805","74",1,46,74
"1636","68805","76",1,51,99
"1637","68805","77",1,22,57.4
"1638","68805","78",0,45,66.6
"1639","68805","80",0,61,68.5
"1640","68805","83",0,65,93.5
"1641","68805","88",1,34,74
"1642","68805","96",0,48,90.7
"1643","68805","98",1,34,83.3
"1644","68805","99",0,52,78.7
"1645","68805","107",0,55,77.7
"1646","68805","115",1,37,85.1
"1647","68805","120",0,53,95.3
"1648","68805","133",0,65,89.8
"1649","68805","139",0,NA,90.7
"1650","68805","140",0,NA,91.6
"1651","68805","143",0,53,94.4
"1652","68805","146",0,33,79.6
"1653","68805","148",1,72,96.2
"1654","68809","1",0,43,75
"1655","68809","5",0,59,65.7
"1656","68809","7",0,44,60.1
"1657","68809","9",0,46,72.2
"1658","68809","10",1,28,73.1
"1659","68809","13",1,39,79.6
"1660","68809","14",1,25,59.2
"1661","68809","17",0,35,86.1
"1662","68809","22",1,55,NA
"1663","68809","23",1,44,69.4
"1664","68809","25",0,50,54.6
"1665","68809","29",1,40,NA
"1666","68809","30",0,46,75.9
"1667","68809","31",1,40,78.7
"1668","68809","32",0,40,60.1
"1669","68809","33",1,39,59.2
"1670","68809","36",1,61,91.6
"1671","68809","39",0,32,60.1
"1672","68809","42",0,55,77.7
"1673","68809","43",1,34,71.2
"1674","68809","44",0,53,68.5
"1675","68809","45",1,39,75
"1676","68809","46",1,43,67.5
"1677","68809","47",0,53,63.8
"1678","68809","53",1,NA,80.5
"1679","68809","57",0,64,87
"1680","68809","61",1,23,57.4
"1681","68809","66",1,52,86.1
"1682","68809","67",0,53,77.7
"1683","68809","72",1,36,75
"1684","68809","73",1,NA,84.2
"1685","68809","75",0,37,72.2
"1686","68809","76",1,41,64.8
"1687","68809","77",1,39,76.8
"1688","68809","78",0,39,62.9
"1689","68809","81",1,43,NA
"1690","68809","84",1,27,73.1
"1691","68809","85",0,32,NA
"1692","68809","89",1,74,92.5
"1693","68809","92",1,27,81.4
"1694","68809","93",1,31,70.3
"1695","68809","95",0,NA,53.7
"1696","68809","97",0,41,72.2
"1697","68809","98",0,36,57.4
"1698","68809","100",1,33,68.5
"1699","68809","102",0,40,72.2
"1700","68809","103",1,61,78.7
"1701","68809","105",0,30,74
"1702","68809","106",1,NA,62
"1703","68809","107",1,38,63.8
"1704","68809","110",1,51,85.1
"1705","68809","113",1,58,81.4
"1706","68809","114",1,NA,74
"1707","68809","116",0,55,75.9
"1708","68809","118",1,26,61.1
"1709","68809","119",1,NA,61.1
"1710","68809","120",0,36,70.3
"1711","68809","121",1,30,62.9
"1712","68809","123",0,43,48.1
"1713","68809","125",1,53,75.9
"1714","68809","129",1,79,93.5
"1715","68809","132",1,69,96.2
"1716","68809","133",1,25,74
"1717","68809","134",1,32,45.3
"1718","68809","138",0,60,67.5
"1719","68809","139",1,38,59.2
"1720","68809","140",1,55,93.5
"1721","68809","141",0,34,47.2
"1722","68809","146",1,27,70.3
"1723","68809","147",0,NA,73.1
"1724","68809","148",0,30,41.6
"1725","68809","149",1,38,80.5
"1726","68809","151",0,38,NA
"1727","71927","10",0,40,67.5
"1728","71927","19",1,46,66.6
"1729","71927","23",0,53,68.5
"1730","71927","26",1,53,75
"1731","71927","43",0,39,67.5
"1732","71927","51",1,NA,78.7
"1733","71927","53",1,36,71.2
"1734","71927","55",1,41,NA
"1735","71927","59",1,35,62
"1736","71927","63",1,NA,50.9
"1737","71927","75",1,59,NA
"1738","71927","76",1,NA,69.4
"1739","71927","79",1,38,69.4
"1740","71927","83",1,31,68.5
"1741","71927","94",1,57,NA
"1742","71927","96",1,22,63.8
"1743","71927","97",0,38,59.2
"1744","71927","110",1,55,77.7
"1745","71927","115",1,NA,53.7
"1746","71927","121",0,55,73.1
"1747","71927","128",0,44,68.5
"1748","71927","141",0,48,NA
"1749","71927","145",0,55,69.4
"1750","71927","151",0,37,62.9
"1751","74330","14",0,46,57.4
"1752","74330","63",0,43,NA
"1753","74330","85",0,39,NA
"1754","74330","116",0,41,47.2
"1755","74330","173",1,43,68.5
"1756","74330","208",1,53,75.9
"1757","74862","305",0,61,87.9
"1758","74862","309",0,35,47.2
"1759","74862","310",0,51,75
"1760","74862","318",0,NA,76.8
"1761","74862","320",1,58,NA
"1762","74862","323",0,14,52.7
"1763","74862","324",0,48,48.1
"1764","74862","329",0,37,56.4
"1765","74862","332",0,52,68.5
"1766","74862","334",1,50,73.1
"1767","74862","338",0,NA,87.9
"1768","74862","347",0,49,75.9
"1769","74862","353",0,56,53.7
"1770","74862","360",0,73,92.5
"1771","74862","371",1,51,75.9
"1772","74862","375",1,57,87
"1773","74862","379",1,46,64.8
"1774","74862","383",1,46,75.9
"1775","74862","387",1,55,82.4
"1776","74862","397",1,34,60.1
"1777","74862","403",1,51,66.6
"1778","74862","406",1,38,90.7
"1779","74862","407",1,35,58.3
"1780","74862","409",0,39,NA
"1781","74862","415",1,67,85.1
"1782","74862","418",0,68,84.2
"1783","74862","427",1,60,93.5
"1784","74862","428",1,66,93.5
"1785","74862","436",1,43,78.7
"1786","74862","437",1,43,67.5
"1787","74862","446",0,39,78.7
"1788","74862","448",0,44,80.5
"1789","74862","454",0,NA,59.2
"1790","74862","458",1,46,87
"1791","74862","460",1,36,62.9
"1792","74862","462",1,46,78.7
"1793","74862","463",1,55,95.3
"1794","74862","467",1,NA,93.5
"1795","74862","469",0,25,48.1
"1796","74862","471",1,45,46.2
"1797","74874","35",1,55,91.6
"1798","74874","48",1,62,92.5
"1799","74874","49",0,60,86.1
"1800","74874","50",1,28,80.5
"1801","74874","51",1,22,80.5
"1802","74874","57",1,40,NA
"1803","74874","58",1,52,88.8
"1804","74874","59",1,51,NA
"1805","74874","60",1,48,91.6
"1806","74874","61",1,NA,87.9
"1807","74874","62",1,NA,94.4
"1808","74874","63",1,60,96.2
"1809","74874","64",1,50,83.3
"1810","74874","66",1,57,87.9
"1811","74874","67",1,NA,79.6
"1812","74874","69",1,53,85.1
"1813","74874","72",0,49,85.1
"1814","74874","73",1,40,87
"1815","74874","76",1,46,83.3
"1816","74874","79",1,NA,80.5
"1817","74874","81",1,44,NA
"1818","74874","82",1,43,93.5
"1819","74874","83",1,NA,81.4
"1820","74874","84",0,37,73.1
"1821","74874","86",1,NA,92.5
"1822","76531","1",0,64,48.1
"1823","76531","30",1,36,62
"1824","76531","49",1,61,64.8
"1825","76531","53",0,38,62.9
"1826","76531","60",0,49,NA
"1827","76531","95",1,23,46.2
"1828","76631","4",1,39,65.7
"1829","76631","6",1,43,69.4
"1830","76631","12",0,45,55.5
"1831","76631","23",1,41,81.4
"1832","76631","29",1,37,78.7
"1833","76631","56",1,40,84.2
"1834","76631","76",1,51,79.6
"1835","76631","79",1,NA,84.2
"1836","76631","86",1,61,72.2
"1837","76631","88",1,51,88.8
"1838","76631","100",1,32,70.3
"1839","76631","106",0,43,78.7
"1840","76631","109",1,55,83.3
"1841","76631","119",0,44,31.4
"1842","76631","125",0,43,69.4
"1843","76631","127",1,43,NA
"1844","76631","130",0,38,81.4
"1845","76631","133",1,49,87.9
"1846","76631","139",0,58,78.7
"1847","76631","150",0,50,82.4
"1848","76631","155",1,57,76.8
"1849","76631","161",0,38,84.2
"1850","76631","165",1,36,81.4
"1851","76631","185",1,52,79.6
"1852","76631","188",1,60,NA
"1853","76631","193",0,NA,72.2
"1854","76631","201",1,40,92.5
"1855","76631","202",1,57,99
"1856","76631","206",0,46,38.8
"1857","76631","212",1,90,96.2
"1858","76631","221",1,NA,76.8
"1859","76631","223",1,53,75.9
"1860","76631","250",0,45,69.4
"1861","77207","5001",1,NA,82.4
"1862","77207","5002",1,34,74
"1863","77207","5004",1,34,60.1
"1864","77207","5005",0,35,78.7
"1865","77207","5008",1,35,81.4
"1866","77207","5013",1,28,68.5
"1867","77207","5018",0,33,86.1
"1868","77207","5019",1,23,62.9
"1869","77207","5023",0,23,NA
"1870","77207","5025",1,27,62.9
"1871","77207","5031",1,40,61.1
"1872","77207","5037",1,34,65.7
"1873","77207","5038",0,31,79.6
"1874","77207","5041",0,36,62.9
"1875","77207","5042",1,40,69.4
"1876","77207","5043",0,27,64.8
"1877","77207","5044",1,25,75.9
"1878","77207","5055",1,27,64.8
"1879","77207","5059",0,37,74
"1880","77207","5062",0,NA,75
"1881","77207","5063",1,NA,79.6
"1882","84707","5",1,60,87.9
"1883","84707","16",0,64,NA
"1884","84772","2",1,53,NA
"1885","84772","7",1,56,90.7
"1886","84772","12",1,58,72.2
"1887","84772","17",0,NA,88.8
"1888","84772","24",1,61,94.4
"1889","84772","27",1,65,91.6
"1890","84772","29",0,53,67.5
"1891","84772","31",1,58,90.7
"1892","84772","43",0,48,NA
"1893","84772","48",1,65,82.4
"1894","84772","49",0,NA,74
"1895","84772","52",0,62,77.7
"1896","84772","58",0,55,83.3
"1897","84772","63",1,60,97.2
"1898","84772","66",1,59,91.6
"1899","84772","75",1,53,NA
"1900","84772","85",1,NA,90.7
"1901","84772","95",1,65,94.4
"1902","84772","104",0,65,60.1
"1903","84772","105",0,48,NA
"1904","84772","111",0,71,NA
"1905","84772","114",0,66,82.4
